Season,Competition,Matchday,Venue,Club,Opponent,Result,Playing_Position,Minute,Type,Age
2004-05,LaLiga,34,H,FC Barcelona,Albacete Balompie,02:00,CF,90+1,Left-footed shot,18
2005-06,UEFA Champions League,Group Stage,H,FC Barcelona,Panathinaikos Athens,05:00,RW,34,Left-footed shot,19
2005-06,LaLiga,13,H,FC Barcelona,Racing Santander,04:01,RW,51,Left-footed shot,19
2005-06,LaLiga,19,H,FC Barcelona,Athletic Bilbao,02:01,RW,50,Left-footed shot,19
2005-06,LaLiga,20,H,FC Barcelona,Deportivo Alaves,02:00,CF,82,Left-footed shot,19
2005-06,LaLiga,21,A,FC Barcelona,RCD Mallorca,00:03,CF,75,Right-footed shot,19
2005-06,LaLiga,21,A,FC Barcelona,RCD Mallorca,00:03,CF,83,Left-footed shot,19
2005-06,Copa del Rey,Quarter-Finals,H,FC Barcelona,Real Zaragoza,02:01,CF,42,Header,19
2005-06,LaLiga,24,H,FC Barcelona,Real Betis Balompie,05:01,RW,84,Left-footed shot,19
2006-07,LaLiga,1,A,FC Barcelona,Celta de Vigo,02:03,LW,59,Left-footed shot,19
2006-07,LaLiga,2,H,FC Barcelona,CA Osasuna,03:00,RW,36,Left-footed shot,19
2006-07,UEFA Champions League,Group Stage,A,FC Barcelona,SV Werder Bremen,01:01,RW,89,Left-footed shot,19
2006-07,LaLiga,6,H,FC Barcelona,Sevilla FC,03:01,RW,80,Right-footed shot,19
2006-07,LaLiga,26,H,FC Barcelona,Real Madrid,03:03,RW,11,Left-footed shot,19
2006-07,LaLiga,26,H,FC Barcelona,Real Madrid,03:03,RW,28,Left-footed shot,19
2006-07,LaLiga,26,H,FC Barcelona,Real Madrid,03:03,RW,90+1,Left-footed shot,19
2006-07,LaLiga,27,A,FC Barcelona,Recreativo Huelva,00:04,RW,86,Left-footed shot,19
2006-07,LaLiga,28,H,FC Barcelona,Deportivo de La Coruaa,02:01,RW,45,Left-footed shot,19
2006-07,Copa del Rey,Semi-Finals,H,FC Barcelona,Getafe CF,05:02,RW,29,Solo run,19
2006-07,Copa del Rey,Semi-Finals,H,FC Barcelona,Getafe CF,05:02,RW,45,Left-footed shot,19
2006-07,LaLiga,35,A,FC Barcelona,Atletico de Madrid,00:06,RW,39,Left-footed shot,19
2006-07,LaLiga,35,A,FC Barcelona,Atletico de Madrid,00:06,RW,80,Left-footed shot,19
2006-07,LaLiga,37,H,FC Barcelona,RCD Espanyol Barcelona,02:02,RW,43,Left-footed shot,19
2006-07,LaLiga,37,H,FC Barcelona,RCD Espanyol Barcelona,02:02,RW,57,Right-footed shot,19
2006-07,LaLiga,38,A,FC Barcelona,Gimnastic de Tarragona,01:05,RW,34,Left-footed shot,19
2006-07,LaLiga,38,A,FC Barcelona,Gimnastic de Tarragona,01:05,RW,51,Left-footed shot,19
2007-08,UEFA Champions League,Group Stage,H,FC Barcelona,Olympique Lyon,03:00,RW,82,Left-footed shot,20
2007-08,LaLiga,4,H,FC Barcelona,Sevilla FC,02:01,RW,72,Left-footed shot,20
2007-08,LaLiga,4,H,FC Barcelona,Sevilla FC,02:01,RW,79,Penalty,20
2007-08,LaLiga,5,H,FC Barcelona,Real Zaragoza,04:01,RW,5,Left-footed shot,20
2007-08,LaLiga,5,H,FC Barcelona,Real Zaragoza,04:01,RW,10,Left-footed shot,20
2007-08,LaLiga,6,A,FC Barcelona,Levante UD,01:04,RW,50,Left-footed shot,20
2007-08,UEFA Champions League,Group Stage,A,FC Barcelona,VfB Stuttgart,00:02,RW,66,Deflected shot on goal,20
2007-08,LaLiga,7,H,FC Barcelona,Atletico de Madrid,03:00,RW,19,Left-footed shot,20
2007-08,LaLiga,9,H,FC Barcelona,UD Almera,02:00,RW,80,Penalty,20
2007-08,UEFA Champions League,Group Stage,H,FC Barcelona,Rangers FC,02:00,RW,41,Left-footed shot,20
2007-08,LaLiga,13,H,FC Barcelona,Recreativo Huelva,03:00,RW,81,Penalty,20
2007-08,UEFA Champions League,Group Stage,A,FC Barcelona,Olympique Lyon,02:02,RW,58,Penalty,20
2007-08,UEFA Champions League,Round of 16,A,FC Barcelona,Celtic FC,02:03,RW,18,Left-footed shot,20
2007-08,UEFA Champions League,Round of 16,A,FC Barcelona,Celtic FC,02:03,RW,79,Left-footed shot,20
2007-08,LaLiga,25,H,FC Barcelona,Levante UD,05:01,RW,44,Left-footed shot,20
2007-08,LaLiga,35,H,FC Barcelona,Valencia CF,06:00,RW,5,Penalty,20
2008-09,LaLiga,2,H,FC Barcelona,Racing Santander,01:01,RW,70,Penalty,21
2008-09,LaLiga,3,A,FC Barcelona,Sporting GijÃ³n,01:06,RW,85,Left-footed shot,21
2008-09,LaLiga,3,A,FC Barcelona,Sporting GijÃ³n,01:06,RW,89,Header,21
2008-09,LaLiga,5,A,FC Barcelona,RCD Espanyol Barcelona,01:02,RW,90,Penalty,21
2008-09,UEFA Champions League,Group Stage,A,FC Barcelona,Shakhtar Donetsk,01:02,RW,87,Right-footed shot,21
2008-09,UEFA Champions League,Group Stage,A,FC Barcelona,Shakhtar Donetsk,01:02,RW,90+2,Left-footed shot,21
2008-09,LaLiga,6,H,FC Barcelona,Atletico de Madrid,06:01,RW,8,Direct free kick,21
2008-09,UEFA Champions League,Group Stage,A,FC Barcelona,FC Basel 1893,00:05,CF,4,Left-footed shot,21
2008-09,LaLiga,9,A,FC Barcelona,Malaga CF,01:04,RW,19,Left-footed shot,21
2008-09,UEFA Champions League,Group Stage,H,FC Barcelona,FC Basel 1893,01:01,RW,61,Left-footed shot,21
2008-09,Copa del Rey,5th Round,H,FC Barcelona,Benidorm CD,01:00,RW,86,Penalty rebound,21
2008-09,LaLiga,11,A,FC Barcelona,Recreativo Huelva,00:02,RW,51,Left-footed shot,21
2008-09,UEFA Champions League,Group Stage,A,FC Barcelona,Sporting CP,02:05,RW,49,Left-footed shot,21
2008-09,LaLiga,13,A,FC Barcelona,Sevilla FC,00:03,RW,78,Left-footed shot,21
2008-09,LaLiga,13,A,FC Barcelona,Sevilla FC,00:03,RW,90+2,Left-footed shot,21
2008-09,LaLiga,15,H,FC Barcelona,Real Madrid,02:00,RW,89,Counter attack goal,21
2008-09,Copa del Rey,Round of 16,A,FC Barcelona,Atletico de Madrid,01:03,RW,11,Left-footed shot,21
2008-09,Copa del Rey,Round of 16,A,FC Barcelona,Atletico de Madrid,01:03,RW,57,Penalty,21
2008-09,Copa del Rey,Round of 16,A,FC Barcelona,Atletico de Madrid,01:03,RW,79,Right-footed shot,21
2008-09,LaLiga,18,A,FC Barcelona,CA Osasuna,02:03,RW,84,Left-footed shot,21
2008-09,LaLiga,19,H,FC Barcelona,Deportivo de La Coruaa,05:00,RW,21,Left-footed shot,21
2008-09,LaLiga,20,H,FC Barcelona,CD Numancia,04:01,RW,49,Left-footed shot,21
2008-09,LaLiga,20,H,FC Barcelona,CD Numancia,04:01,RW,76,Right-footed shot,21
2008-09,LaLiga,21,A,FC Barcelona,Racing Santander,01:02,RW,65,Right-footed shot,21
2008-09,LaLiga,21,A,FC Barcelona,Racing Santander,01:02,RW,81,Right-footed shot,21
2008-09,LaLiga,25,A,FC Barcelona,Atletico de Madrid,04:03,RW,30,Left-footed shot,21
2008-09,Copa del Rey,Semi-Finals,A,FC Barcelona,RCD Mallorca,01:01,RW,81,Left-footed shot,21
2008-09,LaLiga,26,H,FC Barcelona,Athletic Bilbao,02:00,RW,31,Penalty,21
2008-09,UEFA Champions League,Round of 16,H,FC Barcelona,Olympique Lyon,05:02,RW,40,Left-footed shot,21
2008-09,LaLiga,28,H,FC Barcelona,Malaga CF,06:00,RW,26,Right-footed shot,21
2008-09,UEFA Champions League,Quarter-Finals,H,FC Barcelona,Bayern Munich,04:00,RW,9,Left-footed shot,21
2008-09,UEFA Champions League,Quarter-Finals,H,FC Barcelona,Bayern Munich,04:00,RW,38,Right-footed shot,21
2008-09,LaLiga,31,A,FC Barcelona,Getafe CF,00:01,RW,18,Left-footed shot,21
2008-09,LaLiga,33,A,FC Barcelona,Valencia CF,02:02,RW,23,Left-footed shot,21
2008-09,LaLiga,34,A,FC Barcelona,Real Madrid,02:06,CF,35,Left-footed shot,21
2008-09,LaLiga,34,A,FC Barcelona,Real Madrid,02:06,CF,75,Left-footed shot,21
2008-09,Copa del Rey,Final,H,FC Barcelona,Athletic Bilbao,04:01,RW,55,Left-footed shot,21
2008-09,UEFA Champions League,Final,H,FC Barcelona,Manchester United,02:00,CF,70,Header,22
2009-10,Supercopa,final,H,FC Barcelona,Athletic Bilbao,03:00,RW,50,Right-footed shot,22
2009-10,Supercopa,final,H,FC Barcelona,Athletic Bilbao,03:00,RW,68,Penalty,22
2009-10,LaLiga,2,A,FC Barcelona,Getafe CF,00:02,RW,78,Header,22
2009-10,LaLiga,3,H,FC Barcelona,Atletico de Madrid,05:02,RW,15,Left-footed shot,22
2009-10,LaLiga,3,H,FC Barcelona,Atletico de Madrid,05:02,RW,90+3,Right-footed shot,22
2009-10,LaLiga,4,A,FC Barcelona,Racing Santander,01:04,RW,23,Left-footed shot,22
2009-10,LaLiga,4,A,FC Barcelona,Racing Santander,01:04,RW,63,Left-footed shot,22
2009-10,UEFA Champions League,Group Stage,H,FC Barcelona,Dynamo Kyiv,02:00,RW,25,Left-footed shot,22
2009-10,LaLiga,8,H,FC Barcelona,Real Zaragoza,06:01,RW,80,Left-footed shot,22
2009-10,LaLiga,10,H,FC Barcelona,RCD Mallorca,04:02,RW,86,Penalty,22
2009-10,Copa del Rey,5th Round,H,FC Barcelona,Cultural Leonesa,05:00,RW,64,Left-footed shot,22
2009-10,LaLiga,13,A,FC Barcelona,Deportivo de La Coruaa,01:03,RW,26,Left-footed shot,22
2009-10,LaLiga,13,A,FC Barcelona,Deportivo de La Coruaa,01:03,RW,80,Header,22
2009-10,UEFA Champions League,Group Stage,A,FC Barcelona,Dynamo Kyiv,01:02,RW,86,Direct free kick,22
2009-10,FIFA Club World Cup,Semi-Finals,A,FC Barcelona,CF Atlante,01:03,RW,55,Left-footed shot,22
2009-10,FIFA Club World Cup,Final,A,FC Barcelona,Club Estudiantes de La Plata,1:2 AET,RW,110,Chest,22
2009-10,LaLiga,17,A,FC Barcelona,CD Tenerife,00:05,RW,36,Left-footed shot,22
2009-10,LaLiga,17,A,FC Barcelona,CD Tenerife,00:05,RW,45,Right-footed shot,22
2009-10,LaLiga,17,A,FC Barcelona,CD Tenerife,00:05,RW,75,Left-footed shot,22
2009-10,LaLiga,18,H,FC Barcelona,Sevilla FC,04:00,RW,85,Left-footed shot,22
2009-10,LaLiga,18,H,FC Barcelona,Sevilla FC,04:00,RW,90+1,Left-footed shot,22
2009-10,LaLiga,19,A,FC Barcelona,Real Valladolid CF,00:03,RW,54,Left-footed shot,22
2009-10,LaLiga,21,H,FC Barcelona,Getafe CF,02:01,RW,7,Left-footed shot,22
2009-10,LaLiga,24,H,FC Barcelona,Malaga CF,02:01,RW,84,Right-footed shot,22
2009-10,LaLiga,25,A,FC Barcelona,UD Almera,02:02,RW,42,Direct free kick,22
2009-10,LaLiga,25,A,FC Barcelona,UD Almera,02:02,RW,66,Left-footed shot,22
2009-10,LaLiga,26,H,FC Barcelona,Valencia CF,03:00,CF,56,Left-footed shot,22
2009-10,LaLiga,26,H,FC Barcelona,Valencia CF,03:00,CF,80,Left-footed shot,22
2009-10,LaLiga,26,H,FC Barcelona,Valencia CF,03:00,CF,82,Right-footed shot,22
2009-10,UEFA Champions League,Round of 16,H,FC Barcelona,VfB Stuttgart,04:00,CF,13,Left-footed shot,22
2009-10,UEFA Champions League,Round of 16,H,FC Barcelona,VfB Stuttgart,04:00,CF,56,Left-footed shot,22
2009-10,LaLiga,27,A,FC Barcelona,Real Zaragoza,02:04,RW,4,Header,22
2009-10,LaLiga,27,A,FC Barcelona,Real Zaragoza,02:04,RW,65,Left-footed shot,22
2009-10,LaLiga,27,A,FC Barcelona,Real Zaragoza,02:04,RW,78,Left-footed shot,22
2009-10,LaLiga,30,H,FC Barcelona,Athletic Bilbao,04:01,CF,67,Left-footed shot,22
2009-10,UEFA Champions League,Quarter-Finals,H,FC Barcelona,Arsenal FC,04:01,CF,21,Left-footed shot,22
2009-10,UEFA Champions League,Quarter-Finals,H,FC Barcelona,Arsenal FC,04:01,CF,37,Right-footed shot,22
2009-10,UEFA Champions League,Quarter-Finals,H,FC Barcelona,Arsenal FC,04:01,CF,42,Left-footed shot,22
2009-10,UEFA Champions League,Quarter-Finals,H,FC Barcelona,Arsenal FC,04:01,CF,88,Left-footed shot,22
2009-10,LaLiga,31,A,FC Barcelona,Real Madrid,00:02,CF,32,Right-footed shot,22
2009-10,LaLiga,35,A,FC Barcelona,Villarreal CF,01:04,RW,18,Left-footed shot,22
2009-10,LaLiga,35,A,FC Barcelona,Villarreal CF,01:04,RW,87,Left-footed shot,22
2009-10,LaLiga,36,H,FC Barcelona,CD Tenerife,04:01,RW,16,Right-footed shot,22
2009-10,LaLiga,36,H,FC Barcelona,CD Tenerife,04:01,RW,90+3,Right-footed shot,22
2009-10,LaLiga,37,A,FC Barcelona,Sevilla FC,02:03,RW,5,Left-footed shot,22
2009-10,LaLiga,38,H,FC Barcelona,Real Valladolid CF,04:00,RW,61,Right-footed shot,22
2009-10,LaLiga,38,H,FC Barcelona,Real Valladolid CF,04:00,RW,74,Left-footed shot,22
2010-11,Supercopa,final,H,FC Barcelona,Sevilla FC,04:00,RW,25,Left-footed shot,23
2010-11,Supercopa,final,H,FC Barcelona,Sevilla FC,04:00,RW,43,Right-footed shot,23
2010-11,Supercopa,final,H,FC Barcelona,Sevilla FC,04:00,RW,90+1,Left-footed shot,23
2010-11,LaLiga,1,A,FC Barcelona,Racing Santander,00:03,RW,3,Left-footed shot,23
2010-11,UEFA Champions League,Group Stage,H,FC Barcelona,Panathinaikos Athens,05:01,CF,22,Left-footed shot,23
2010-11,UEFA Champions League,Group Stage,H,FC Barcelona,Panathinaikos Athens,05:01,CF,45,Left-footed shot,23
2010-11,LaLiga,3,A,FC Barcelona,Atletico de Madrid,01:02,CF,12,Left-footed shot,23
2010-11,LaLiga,6,H,FC Barcelona,RCD Mallorca,01:01,CF,20,Left-footed shot,23
2010-11,UEFA Champions League,Group Stage,H,FC Barcelona,FC Copenhagen,02:00,CF,18,Left-footed shot,23
2010-11,UEFA Champions League,Group Stage,H,FC Barcelona,FC Copenhagen,02:00,CF,90+1,Left-footed shot,23
2010-11,LaLiga,8,A,FC Barcelona,Real Zaragoza,00:02,CF,41,Left-footed shot,23
2010-11,LaLiga,8,A,FC Barcelona,Real Zaragoza,00:02,CF,65,Left-footed shot,23
2010-11,LaLiga,9,H,FC Barcelona,Sevilla FC,05:00,RW,4,Left-footed shot,23
2010-11,LaLiga,9,H,FC Barcelona,Sevilla FC,05:00,RW,63,Left-footed shot,23
2010-11,UEFA Champions League,Group Stage,A,FC Barcelona,FC Copenhagen,01:01,CF,31,Right-footed shot,23
2010-11,LaLiga,10,A,FC Barcelona,Getafe CF,01:03,CF,23,Left-footed shot,23
2010-11,Copa del Rey,4th round,H,FC Barcelona,Club Atletico de Ceuta,05:01,RW,67,Left-footed shot,23
2010-11,LaLiga,11,H,FC Barcelona,Villarreal CF,03:01,CF,58,Right-footed shot,23
2010-11,LaLiga,11,H,FC Barcelona,Villarreal CF,03:01,CF,83,Left-footed shot,23
2010-11,LaLiga,12,A,FC Barcelona,UD Almera,00:08,CF,16,Left-footed shot,23
2010-11,LaLiga,12,A,FC Barcelona,UD Almera,00:08,CF,36,Tap-in,23
2010-11,LaLiga,12,A,FC Barcelona,UD Almera,00:08,CF,67,Tap-in,23
2010-11,UEFA Champions League,Group Stage,A,FC Barcelona,Panathinaikos Athens,00:03,CF,63,Left-footed shot,23
2010-11,LaLiga,14,A,FC Barcelona,CA Osasuna,00:03,CF,64,Left-footed shot,23
2010-11,LaLiga,14,A,FC Barcelona,CA Osasuna,00:03,CF,82,Penalty,23
2010-11,LaLiga,15,H,FC Barcelona,Real Sociedad,05:00,CF,46,Left-footed shot,23
2010-11,LaLiga,15,H,FC Barcelona,Real Sociedad,05:00,CF,86,Left-footed shot,23
2010-11,LaLiga,18,A,FC Barcelona,Deportivo de La Coruaa,00:04,CF,51,Direct free kick,23
2010-11,Copa del Rey,Quarter-Finals,H,FC Barcelona,Real Betis Balompie,05:00,CF,44,Left-footed shot,23
2010-11,Copa del Rey,Quarter-Finals,H,FC Barcelona,Real Betis Balompie,05:00,CF,63,Left-footed shot,23
2010-11,Copa del Rey,Quarter-Finals,H,FC Barcelona,Real Betis Balompie,05:00,CF,73,Left-footed shot,23
2010-11,Copa del Rey,Quarter-Finals,A,FC Barcelona,Real Betis Balompie,03:01,RW,37,Left-footed shot,23
2010-11,LaLiga,20,H,FC Barcelona,Racing Santander,03:00,CF,33,Penalty,23
2010-11,Copa del Rey,Semi-Finals,H,FC Barcelona,UD Almera,05:00,CF,9,Left-footed shot,23
2010-11,Copa del Rey,Semi-Finals,H,FC Barcelona,UD Almera,05:00,CF,15,Left-footed shot,23
2010-11,LaLiga,21,A,FC Barcelona,Hercules CF,00:03,CF,87,Left-footed shot,23
2010-11,LaLiga,21,A,FC Barcelona,Hercules CF,00:03,CF,89,Left-footed shot,23
2010-11,LaLiga,22,H,FC Barcelona,Atletico de Madrid,03:00,CF,16,Left-footed shot,23
2010-11,LaLiga,22,H,FC Barcelona,Atletico de Madrid,03:00,CF,28,Left-footed shot,23
2010-11,LaLiga,22,H,FC Barcelona,Atletico de Madrid,03:00,CF,78,Left-footed shot,23
2010-11,LaLiga,24,H,FC Barcelona,Athletic Bilbao,02:01,CF,78,Right-footed shot,23
2010-11,LaLiga,25,A,FC Barcelona,RCD Mallorca,00:03,CF,38,Header,23
2010-11,LaLiga,26,A,FC Barcelona,Valencia CF,00:01,CF,77,Left-footed shot,23
2010-11,UEFA Champions League,Round of 16,H,FC Barcelona,Arsenal FC,03:01,RW,49,Left-footed shot,23
2010-11,UEFA Champions League,Round of 16,H,FC Barcelona,Arsenal FC,03:01,RW,72,Penalty,23
2010-11,LaLiga,31,H,FC Barcelona,UD Almera,03:01,CF,52,Penalty,23
2010-11,LaLiga,31,H,FC Barcelona,UD Almera,03:01,CF,90+1,Left-footed shot,23
2010-11,UEFA Champions League,Quarter-Finals,A,FC Barcelona,Shakhtar Donetsk,00:01,CF,42,Left-footed shot,23
2010-11,LaLiga,32,A,FC Barcelona,Real Madrid,01:01,CF,53,Penalty,23
2010-11,LaLiga,33,H,FC Barcelona,CA Osasuna,02:00,CF,87,Right-footed shot,23
2010-11,UEFA Champions League,Semi-Finals,A,FC Barcelona,Real Madrid,00:02,CF,76,Left-footed shot,23
2010-11,UEFA Champions League,Semi-Finals,A,FC Barcelona,Real Madrid,00:02,CF,87,Solo run,23
2010-11,UEFA Champions League,Final,H,FC Barcelona,Manchester United,03:01,CF,54,Left-footed shot,23
2011-12,Supercopa,final,A,FC Barcelona,Real Madrid,02:02,CF,45,Left-footed shot,24
2011-12,Supercopa,final,H,FC Barcelona,Real Madrid,03:02,CF,44,Right-footed shot,24
2011-12,Supercopa,final,H,FC Barcelona,Real Madrid,03:02,CF,88,Left-footed shot,24
2011-12,UEFA Super Cup,Final,H,FC Barcelona,FC Porto,02:00,CF,39,Left-footed shot,24
2011-12,LaLiga,2,H,FC Barcelona,Villarreal CF,05:00,CF,51,Right-footed shot,24
2011-12,LaLiga,2,H,FC Barcelona,Villarreal CF,05:00,CF,74,Left-footed shot,24
2011-12,LaLiga,4,H,FC Barcelona,CA Osasuna,08:00,CF,5,Left-footed shot,24
2011-12,LaLiga,4,H,FC Barcelona,CA Osasuna,08:00,CF,41,Left-footed shot,24
2011-12,LaLiga,4,H,FC Barcelona,CA Osasuna,08:00,CF,79,Left-footed shot,24
2011-12,LaLiga,6,H,FC Barcelona,Atletico de Madrid,05:00,CF,26,Left-footed shot,24
2011-12,LaLiga,6,H,FC Barcelona,Atletico de Madrid,05:00,CF,78,Left-footed shot,24
2011-12,LaLiga,6,H,FC Barcelona,Atletico de Madrid,05:00,CF,90+1,Left-footed shot,24
2011-12,UEFA Champions League,Group Stage,A,FC Barcelona,BATE Borisov,00:05,CF,38,Header,24
2011-12,UEFA Champions League,Group Stage,A,FC Barcelona,BATE Borisov,00:05,CF,56,Left-footed shot,24
2011-12,LaLiga,8,H,FC Barcelona,Racing Santander,03:00,CF,11,Right-footed shot,24
2011-12,LaLiga,8,H,FC Barcelona,Racing Santander,03:00,CF,69,Right-footed shot,24
2011-12,LaLiga,11,H,FC Barcelona,RCD Mallorca,05:00,CF,13,Penalty,24
2011-12,LaLiga,11,H,FC Barcelona,RCD Mallorca,05:00,CF,21,Right-footed shot,24
2011-12,LaLiga,11,H,FC Barcelona,RCD Mallorca,05:00,CF,30,Left-footed shot,24
2011-12,UEFA Champions League,Group Stage,A,FC Barcelona,FC Viktoria Plzen,00:04,CF,24,Penalty,24
2011-12,UEFA Champions League,Group Stage,A,FC Barcelona,FC Viktoria Plzen,00:04,CF,45+2,Left-footed shot,24
2011-12,UEFA Champions League,Group Stage,A,FC Barcelona,FC Viktoria Plzen,00:04,CF,90+2,Left-footed shot,24
2011-12,LaLiga,12,A,FC Barcelona,Athletic Bilbao,02:02,CF,90,Left-footed shot,24
2011-12,LaLiga,13,H,FC Barcelona,Real Zaragoza,04:00,CF,43,Right-footed shot,24
2011-12,UEFA Champions League,Group Stage,A,FC Barcelona,AC Milan,02:03,SS,31,Penalty,24
2011-12,LaLiga,17,H,FC Barcelona,Rayo Vallecano,04:00,CF,49,Left-footed shot,24
2011-12,LaLiga,15,H,FC Barcelona,Levante UD,05:00,CF,55,Left-footed shot,24
2011-12,FIFA Club World Cup,Final,A,FC Barcelona,Santos FC,00:04,RW,17,Left-footed shot,24
2011-12,FIFA Club World Cup,Final,A,FC Barcelona,Santos FC,00:04,RW,82,Left-footed shot,24
2011-12,Copa del Rey,Round of 16,H,FC Barcelona,CA Osasuna,04:00,CF,71,Header,24
2011-12,Copa del Rey,Round of 16,H,FC Barcelona,CA Osasuna,04:00,CF,90,Left-footed shot,24
2011-12,LaLiga,19,H,FC Barcelona,Real Betis Balompie,04:02,CF,12,Right-footed shot,24
2011-12,LaLiga,19,H,FC Barcelona,Real Betis Balompie,04:02,CF,86,Penalty,24
2011-12,LaLiga,1,A,FC Barcelona,Malaga CF,01:04,CF,32,Header,24
2011-12,LaLiga,1,A,FC Barcelona,Malaga CF,01:04,CF,51,Left-footed shot,24
2011-12,LaLiga,1,A,FC Barcelona,Malaga CF,01:04,CF,77,Left-footed shot,24
2011-12,LaLiga,22,H,FC Barcelona,Real Sociedad,02:01,CF,72,Left-footed shot,24
2011-12,UEFA Champions League,Round of 16,A,FC Barcelona,Bayer 04 Leverkusen,01:03,CF,88,Left-footed shot,24
2011-12,LaLiga,24,H,FC Barcelona,Valencia CF,05:01,CF,21,Left-footed shot,24
2011-12,LaLiga,24,H,FC Barcelona,Valencia CF,05:01,CF,27,Tap-in,24
2011-12,LaLiga,24,H,FC Barcelona,Valencia CF,05:01,CF,75,Left-footed shot,24
2011-12,LaLiga,24,H,FC Barcelona,Valencia CF,05:01,CF,84,Left-footed shot,24
2011-12,LaLiga,25,A,FC Barcelona,Atletico de Madrid,01:02,CF,79,Direct free kick,24
2011-12,UEFA Champions League,Round of 16,H,FC Barcelona,Bayer 04 Leverkusen,07:01,CF,25,Left-footed shot,24
2011-12,UEFA Champions League,Round of 16,H,FC Barcelona,Bayer 04 Leverkusen,07:01,CF,42,Left-footed shot,24
2011-12,UEFA Champions League,Round of 16,H,FC Barcelona,Bayer 04 Leverkusen,07:01,CF,50,Right-footed shot,24
2011-12,UEFA Champions League,Round of 16,H,FC Barcelona,Bayer 04 Leverkusen,07:01,CF,58,Left-footed shot,24
2011-12,UEFA Champions League,Round of 16,H,FC Barcelona,Bayer 04 Leverkusen,07:01,CF,85,Left-footed shot,24
2011-12,LaLiga,27,A,FC Barcelona,Racing Santander,00:02,CF,28,Left-footed shot,24
2011-12,LaLiga,27,A,FC Barcelona,Racing Santander,00:02,CF,55,Penalty,24
2011-12,LaLiga,28,A,FC Barcelona,Sevilla FC,00:02,CF,25,Left-footed shot,24
2011-12,LaLiga,29,H,FC Barcelona,Granada CF,05:03,CF,16,Left-footed shot,24
2011-12,LaLiga,29,H,FC Barcelona,Granada CF,05:03,CF,66,Left-footed shot,24
2011-12,LaLiga,29,H,FC Barcelona,Granada CF,05:03,CF,85,Left-footed shot,24
2011-12,LaLiga,30,A,FC Barcelona,RCD Mallorca,00:02,CF,25,Direct free kick,24
2011-12,LaLiga,31,H,FC Barcelona,Athletic Bilbao,02:00,CF,57,Penalty,24
2011-12,UEFA Champions League,Quarter-Finals,H,FC Barcelona,AC Milan,03:01,RW,11,Penalty,24
2011-12,UEFA Champions League,Quarter-Finals,H,FC Barcelona,AC Milan,03:01,RW,42,Penalty,24
2011-12,LaLiga,32,A,FC Barcelona,Real Zaragoza,01:04,CF,39,Left-footed shot,24
2011-12,LaLiga,32,A,FC Barcelona,Real Zaragoza,01:04,CF,86,Penalty,24
2011-12,LaLiga,33,H,FC Barcelona,Getafe CF,04:00,CF,44,Left-footed shot,24
2011-12,LaLiga,34,A,FC Barcelona,Levante UD,01:02,CF,64,Left-footed shot,24
2011-12,LaLiga,34,A,FC Barcelona,Levante UD,01:02,CF,73,Penalty,24
2011-12,LaLiga,36,A,FC Barcelona,Rayo Vallecano,00:07,CF,16,Left-footed shot,24
2011-12,LaLiga,36,A,FC Barcelona,Rayo Vallecano,00:07,CF,88,Left-footed shot,24
2011-12,LaLiga,20,H,FC Barcelona,Malaga CF,04:01,CF,34,Penalty,24
2011-12,LaLiga,20,H,FC Barcelona,Malaga CF,04:01,CF,60,Penalty,24
2011-12,LaLiga,20,H,FC Barcelona,Malaga CF,04:01,CF,63,Left-footed shot,24
2011-12,LaLiga,37,H,FC Barcelona,RCD Espanyol Barcelona,04:00,CF,11,Direct free kick,24
2011-12,LaLiga,37,H,FC Barcelona,RCD Espanyol Barcelona,04:00,CF,63,Penalty,24
2011-12,LaLiga,37,H,FC Barcelona,RCD Espanyol Barcelona,04:00,CF,73,Left-footed shot,24
2011-12,LaLiga,37,H,FC Barcelona,RCD Espanyol Barcelona,04:00,CF,78,Penalty,24
2011-12,Copa del Rey,Final,H,FC Barcelona,Athletic Bilbao,03:00,CF,20,Right-footed shot,24
2012-13,LaLiga,1,H,FC Barcelona,Real Sociedad,05:01,CF,10,Left-footed shot,25
2012-13,LaLiga,1,H,FC Barcelona,Real Sociedad,05:01,CF,15,Left-footed shot,25
2012-13,Supercopa,final,H,FC Barcelona,Real Madrid,03:02,CF,60,Penalty,25
2012-13,LaLiga,2,A,FC Barcelona,CA Osasuna,01:02,CF,74,Left-footed shot,25
2012-13,LaLiga,2,A,FC Barcelona,CA Osasuna,01:02,CF,79,Left-footed shot,25
2012-13,Supercopa,final,A,FC Barcelona,Real Madrid,02:01,CF,45,Direct free kick,25
2012-13,LaLiga,4,A,FC Barcelona,Getafe CF,01:04,CF,74,Penalty,25
2012-13,LaLiga,4,A,FC Barcelona,Getafe CF,01:04,CF,78,Left-footed shot,25
2012-13,UEFA Champions League,Group Stage,H,FC Barcelona,Spartak Moscow,03:02,CF,71,Left-footed shot,25
2012-13,UEFA Champions League,Group Stage,H,FC Barcelona,Spartak Moscow,03:02,CF,80,Header,25
2012-13,LaLiga,7,H,FC Barcelona,Real Madrid,02:02,CF,31,Left-footed shot,25
2012-13,LaLiga,7,H,FC Barcelona,Real Madrid,02:02,CF,60,Direct free kick,25
2012-13,LaLiga,8,A,FC Barcelona,Deportivo de La Coruaa,04:05,CF,17,Left-footed shot,25
2012-13,LaLiga,8,A,FC Barcelona,Deportivo de La Coruaa,04:05,CF,43,Left-footed shot,25
2012-13,LaLiga,8,A,FC Barcelona,Deportivo de La Coruaa,04:05,CF,76,Left-footed shot,25
2012-13,LaLiga,9,A,FC Barcelona,Rayo Vallecano,00:05,CF,48,Left-footed shot,25
2012-13,LaLiga,9,A,FC Barcelona,Rayo Vallecano,00:05,CF,89,Right-footed shot,25
2012-13,UEFA Champions League,Group Stage,A,FC Barcelona,Celtic FC,02:01,CF,90+1,Tap-in,25
2012-13,LaLiga,11,A,FC Barcelona,RCD Mallorca,02:04,CF,43,Left-footed shot,25
2012-13,LaLiga,11,A,FC Barcelona,RCD Mallorca,02:04,CF,70,Left-footed shot,25
2012-13,LaLiga,12,H,FC Barcelona,Real Zaragoza,03:01,CF,15,Left-footed shot,25
2012-13,LaLiga,12,H,FC Barcelona,Real Zaragoza,03:01,CF,60,Left-footed shot,25
2012-13,UEFA Champions League,Group Stage,A,FC Barcelona,Spartak Moscow,00:03,CF,27,Right-footed shot,25
2012-13,UEFA Champions League,Group Stage,A,FC Barcelona,Spartak Moscow,00:03,CF,39,Left-footed shot,25
2012-13,LaLiga,13,A,FC Barcelona,Levante UD,00:04,CF,46,Left-footed shot,25
2012-13,LaLiga,13,A,FC Barcelona,Levante UD,00:04,CF,51,Left-footed shot,25
2012-13,LaLiga,14,H,FC Barcelona,Athletic Bilbao,05:01,CF,24,Left-footed shot,25
2012-13,LaLiga,14,H,FC Barcelona,Athletic Bilbao,05:01,CF,69,Right-footed shot,25
2012-13,LaLiga,15,A,FC Barcelona,Real Betis Balompie,01:02,CF,16,Left-footed shot,25
2012-13,LaLiga,15,A,FC Barcelona,Real Betis Balompie,01:02,CF,25,Left-footed shot,25
2012-13,Copa del Rey,Round of 16,A,FC Barcelona,CÃ³rdoba CF,00:02,CF,10,Left-footed shot,25
2012-13,Copa del Rey,Round of 16,A,FC Barcelona,CÃ³rdoba CF,00:02,CF,73,Left-footed shot,25
2012-13,LaLiga,16,H,FC Barcelona,Atletico de Madrid,04:01,CF,58,Left-footed shot,25
2012-13,LaLiga,16,H,FC Barcelona,Atletico de Madrid,04:01,CF,88,Left-footed shot,25
2012-13,LaLiga,17,A,FC Barcelona,Real Valladolid CF,01:03,CF,59,Left-footed shot,25
2012-13,LaLiga,18,H,FC Barcelona,RCD Espanyol Barcelona,04:00,CF,28,Penalty,25
2012-13,LaLiga,19,A,FC Barcelona,Malaga CF,01:03,CF,26,Right-footed shot,25
2012-13,Copa del Rey,Quarter-Finals,H,FC Barcelona,Malaga CF,02:02,CF,29,Left-footed shot,25
2012-13,LaLiga,20,A,FC Barcelona,Real Sociedad,03:02,CF,6,Left-footed shot,25
2012-13,Copa del Rey,Quarter-Finals,A,FC Barcelona,Malaga CF,02:04,CF,79,Header,25
2012-13,LaLiga,21,H,FC Barcelona,CA Osasuna,05:01,CF,11,Right-footed shot,25
2012-13,LaLiga,21,H,FC Barcelona,CA Osasuna,05:01,CF,28,Penalty,25
2012-13,LaLiga,21,H,FC Barcelona,CA Osasuna,05:01,CF,56,Left-footed shot,25
2012-13,LaLiga,21,H,FC Barcelona,CA Osasuna,05:01,CF,58,Left-footed shot,25
2012-13,LaLiga,22,A,FC Barcelona,Valencia CF,01:01,CF,39,Penalty,25
2012-13,LaLiga,23,H,FC Barcelona,Getafe CF,06:01,CF,13,Left-footed shot,25
2012-13,LaLiga,24,A,FC Barcelona,Granada CF,01:02,CF,49,Left-footed shot,25
2012-13,LaLiga,24,A,FC Barcelona,Granada CF,01:02,CF,72,Direct free kick,25
2012-13,LaLiga,25,H,FC Barcelona,Sevilla FC,02:01,CF,60,Left-footed shot,25
2012-13,LaLiga,26,A,FC Barcelona,Real Madrid,02:01,CF,18,Left-footed shot,25
2012-13,LaLiga,27,H,FC Barcelona,Deportivo de La Coruaa,02:00,CF,88,Left-footed shot,25
2012-13,UEFA Champions League,Round of 16,H,FC Barcelona,AC Milan,04:00,CF,5,Left-footed shot,25
2012-13,UEFA Champions League,Round of 16,H,FC Barcelona,AC Milan,04:00,CF,40,Left-footed shot,25
2012-13,LaLiga,28,H,FC Barcelona,Rayo Vallecano,03:01,CF,40,Left-footed shot,25
2012-13,LaLiga,28,H,FC Barcelona,Rayo Vallecano,03:01,CF,57,Left-footed shot,25
2012-13,LaLiga,29,A,FC Barcelona,Celta de Vigo,02:02,CF ,73,Left-footed shot,25
2012-13,UEFA Champions League,Quarter-Finals,A,FC Barcelona,Paris Saint-Germain,02:02,CF,38,Left-footed shot,25
2012-13,LaLiga,33,A,FC Barcelona,Athletic Bilbao,02:02,CF,67,Left-footed shot,25
2012-13,LaLiga,34,H,FC Barcelona,Real Betis Balompie,04:02,CF,60,Direct free kick,25
2012-13,LaLiga,34,H,FC Barcelona,Real Betis Balompie,04:02,CF,71,Left-footed shot,25
2013-14,LaLiga,1,H,FC Barcelona,Levante UD,07:00,CF,13,Left-footed shot,26
2013-14,LaLiga,1,H,FC Barcelona,Levante UD,07:00,CF,42,Penalty,26
2013-14,LaLiga,3,A,FC Barcelona,Valencia CF,02:03,CF,11,Left-footed shot,26
2013-14,LaLiga,3,A,FC Barcelona,Valencia CF,02:03,CF,39,Right-footed shot,26
2013-14,LaLiga,3,A,FC Barcelona,Valencia CF,02:03,CF,41,Left-footed shot,26
2013-14,LaLiga,4,H,FC Barcelona,Sevilla FC,03:02,CF,75,Left-footed shot,26
2013-14,UEFA Champions League,Group Stage,H,FC Barcelona,Ajax Amsterdam,04:00,CF,22,Direct free kick,26
2013-14,UEFA Champions League,Group Stage,H,FC Barcelona,Ajax Amsterdam,04:00,CF,55,Left-footed shot,26
2013-14,UEFA Champions League,Group Stage,H,FC Barcelona,Ajax Amsterdam,04:00,CF,75,Left-footed shot,26
2013-14,LaLiga,6,H,FC Barcelona,Real Sociedad,04:01,CF,8,Header,26
2013-14,LaLiga,7,A,FC Barcelona,UD Almera,00:02,CF,21,Left-footed shot,26
2013-14,UEFA Champions League,Group Stage,A,FC Barcelona,AC Milan,01:01,CF,23,Left-footed shot,26
2013-14,UEFA Champions League,Group Stage,H,FC Barcelona,AC Milan,03:01,CF,30,Penalty,26
2013-14,UEFA Champions League,Group Stage,H,FC Barcelona,AC Milan,03:01,CF,83,Left-footed shot,26
2013-14,Copa del Rey,Round of 16,H,FC Barcelona,Getafe CF,04:00,CF,90,Left-footed shot,26
2013-14,Copa del Rey,Round of 16,H,FC Barcelona,Getafe CF,04:00,CF,90+2,Left-footed shot,26
2013-14,Copa del Rey,Round of 16,A,FC Barcelona,Getafe CF,00:02,CF,43,Right-footed shot,26
2013-14,Copa del Rey,Round of 16,A,FC Barcelona,Getafe CF,00:02,CF,63,Left-footed shot,26
2013-14,LaLiga,22,H,FC Barcelona,Valencia CF,02:03,CF,54,Penalty,26
2013-14,LaLiga,23,A,FC Barcelona,Sevilla FC,01:04,CF,44,Left-footed shot,26
2013-14,LaLiga,23,A,FC Barcelona,Sevilla FC,01:04,CF,56,Left-footed shot,26
2013-14,Copa del Rey,Semi-Finals,A,FC Barcelona,Real Sociedad,01:01,CF,26,Solo run,26
2013-14,LaLiga,24,H,FC Barcelona,Rayo Vallecano,06:00,CF,36,Left-footed shot,26
2013-14,LaLiga,24,H,FC Barcelona,Rayo Vallecano,06:00,CF,68,Left-footed shot,26
2013-14,UEFA Champions League,Round of 16,A,FC Barcelona,Manchester City,00:02,CF,54,Penalty,26
2013-14,LaLiga,25,A,FC Barcelona,Real Sociedad,03:01,CF,36,Left-footed shot,26
2013-14,LaLiga,26,H,FC Barcelona,UD Almera,04:01,CF,24,Direct free kick,26
2013-14,UEFA Champions League,Round of 16,H,FC Barcelona,Manchester City,02:01,CF,67,Left-footed shot,26
2013-14,LaLiga,28,H,FC Barcelona,CA Osasuna,07:00,CF,18,Left-footed shot,26
2013-14,LaLiga,28,H,FC Barcelona,CA Osasuna,07:00,CF,63,Left-footed shot,26
2013-14,LaLiga,28,H,FC Barcelona,CA Osasuna,07:00,CF,88,Right-footed shot,26
2013-14,LaLiga,29,A,FC Barcelona,Real Madrid,03:04,CF,42,Left-footed shot,26
2013-14,LaLiga,29,A,FC Barcelona,Real Madrid,03:04,CF,65,Penalty,26
2013-14,LaLiga,29,A,FC Barcelona,Real Madrid,03:04,CF,84,Penalty,26
2013-14,LaLiga,30,H,FC Barcelona,Celta de Vigo,03:00,CF,30,Right-footed shot,26
2013-14,LaLiga,31,A,FC Barcelona,RCD Espanyol Barcelona,00:01,CF,77,Penalty,26
2013-14,LaLiga,32,H,FC Barcelona,Real Betis Balompie,03:01,CF,15,Penalty,26
2013-14,LaLiga,32,H,FC Barcelona,Real Betis Balompie,03:01,CF,86,Penalty rebound,26
2013-14,LaLiga,34,H,FC Barcelona,Athletic Bilbao,02:01,CF,74,Direct free kick,26
2013-14,LaLiga,35,A,FC Barcelona,Villarreal CF,02:03,CF,83,Right-footed shot,26
2013-14,LaLiga,36,H,FC Barcelona,Getafe CF,02:02,CF,23,Left-footed shot,26
2014-15,LaLiga,1,H,FC Barcelona,Elche CF,03:00,CF,42,Left-footed shot,27
2014-15,LaLiga,1,H,FC Barcelona,Elche CF,03:00,CF,64,Left-footed shot,27
2014-15,LaLiga,4,A,FC Barcelona,Levante UD,00:05,CF,77,Right-footed shot,27
2014-15,LaLiga,6,H,FC Barcelona,Granada CF,06:00,CF,62,Header,27
2014-15,LaLiga,6,H,FC Barcelona,Granada CF,06:00,CF,82,Right-footed shot,27
2014-15,UEFA Champions League,Group Stage,A,FC Barcelona,Paris Saint-Germain,03:02,RW,12,Left-footed shot,27
2014-15,LaLiga,7,A,FC Barcelona,Rayo Vallecano,00:02,CF,35,Left-footed shot,27
2014-15,LaLiga,8,H,FC Barcelona,SD Eibar,03:00,CF,74,Left-footed shot,27
2014-15,UEFA Champions League,Group Stage,H,FC Barcelona,Ajax Amsterdam,03:01,CF,24,Left-footed shot,27
2014-15,UEFA Champions League,Group Stage,A,FC Barcelona,Ajax Amsterdam,00:02,RW,36,Header,27
2014-15,UEFA Champions League,Group Stage,A,FC Barcelona,Ajax Amsterdam,00:02,RW,76,Left-footed shot,27
2014-15,LaLiga,12,H,FC Barcelona,Sevilla FC,05:01,RW,21,Direct free kick,27
2014-15,LaLiga,12,H,FC Barcelona,Sevilla FC,05:01,RW,73,Tap-in,27
2014-15,LaLiga,12,H,FC Barcelona,Sevilla FC,05:01,RW,78,Left-footed shot,27
2014-15,UEFA Champions League,Group Stage,A,FC Barcelona,APOEL Nicosia,00:04,CF ,38,Right-footed shot,27
2014-15,UEFA Champions League,Group Stage,A,FC Barcelona,APOEL Nicosia,00:04,CF ,58,Right-footed shot,27
2014-15,UEFA Champions League,Group Stage,A,FC Barcelona,APOEL Nicosia,00:04,CF ,87,Right-footed shot,27
2014-15,LaLiga,14,H,FC Barcelona,RCD Espanyol Barcelona,05:01,RW,45+1,Left-footed shot,27
2014-15,LaLiga,14,H,FC Barcelona,RCD Espanyol Barcelona,05:01,RW,50,Right-footed shot,27
2014-15,LaLiga,14,H,FC Barcelona,RCD Espanyol Barcelona,05:01,RW,81,Right-footed shot,27
2014-15,UEFA Champions League,Group Stage,H,FC Barcelona,Paris Saint-Germain,03:01,AM,19,Right-footed shot,27
2014-15,LaLiga,16,H,FC Barcelona,CÃ³rdoba CF,05:00,RW,82,Right-footed shot,27
2014-15,LaLiga,16,H,FC Barcelona,CÃ³rdoba CF,05:00,RW,90,Right-footed shot,27
2014-15,Copa del Rey,Round of 16,H,FC Barcelona,Elche CF,05:00,RW ,45,Penalty,27
2014-15,LaLiga,18,H,FC Barcelona,Atletico de Madrid,03:01,RW,87,Left-footed shot,27
2014-15,LaLiga,19,A,FC Barcelona,Deportivo de La Coruaa,00:04,RW,11,Header,27
2014-15,LaLiga,19,A,FC Barcelona,Deportivo de La Coruaa,00:04,RW,33,Left-footed shot,27
2014-15,LaLiga,19,A,FC Barcelona,Deportivo de La Coruaa,00:04,RW,62,Left-footed shot,27
2014-15,Copa del Rey,Quarter-Finals,H,FC Barcelona,Atletico de Madrid,01:00,RW ,85,Penalty rebound,27
2014-15,LaLiga,20,A,FC Barcelona,Elche CF,00:06,CF,55,Penalty,27
2014-15,LaLiga,20,A,FC Barcelona,Elche CF,00:06,CF,88,Left-footed shot,27
2014-15,LaLiga,21,H,FC Barcelona,Villarreal CF,03:02,RW,55,Right-footed shot,27
2014-15,LaLiga,22,A,FC Barcelona,Athletic Bilbao,02:05,RW,15,Direct free kick,27
2014-15,Copa del Rey,Semi-Finals,H,FC Barcelona,Villarreal CF,03:01,RW,41,Left-footed shot,27
2014-15,LaLiga,23,H,FC Barcelona,Levante UD,05:00,CF,38,Right-footed shot,27
2014-15,LaLiga,23,H,FC Barcelona,Levante UD,05:00,CF,59,Right-footed shot,27
2014-15,LaLiga,23,H,FC Barcelona,Levante UD,05:00,CF,65,Penalty,27
2014-15,LaLiga,25,A,FC Barcelona,Granada CF,01:03,RW,70,Right-footed shot,27
2014-15,LaLiga,26,H,FC Barcelona,Rayo Vallecano,06:01,RW,56,Penalty,27
2014-15,LaLiga,26,H,FC Barcelona,Rayo Vallecano,06:01,RW,63,Tap-in,27
2014-15,LaLiga,26,H,FC Barcelona,Rayo Vallecano,06:01,RW,68,Left-footed shot,27
2014-15,LaLiga,27,A,FC Barcelona,SD Eibar,00:02,RW ,31,Penalty,27
2014-15,LaLiga,27,A,FC Barcelona,SD Eibar,00:02,RW ,55,Header,27
2014-15,LaLiga,30,H,FC Barcelona,UD Almera,04:00,RW,33,Left-footed shot,27
2014-15,LaLiga,31,A,FC Barcelona,Sevilla FC,02:02,RW,15,Left-footed shot,27
2014-15,LaLiga,32,H,FC Barcelona,Valencia CF,02:00,RW,90+4,Left-footed shot,27
2014-15,LaLiga,33,A,FC Barcelona,RCD Espanyol Barcelona,00:02,RW,25,Left-footed shot,27
2014-15,LaLiga,34,H,FC Barcelona,Getafe CF,06:00,RW,9,Penalty,27
2014-15,LaLiga,34,H,FC Barcelona,Getafe CF,06:00,RW,47,Left-footed shot,27
2014-15,LaLiga,35,A,FC Barcelona,CÃ³rdoba CF,00:08,RW,47,Header,27
2014-15,LaLiga,35,A,FC Barcelona,CÃ³rdoba CF,00:08,RW,80,Left-footed shot,27
2014-15,UEFA Champions League,Semi-Finals,H,FC Barcelona,Bayern Munich,03:00,RW,77,Left-footed shot,27
2014-15,UEFA Champions League,Semi-Finals,H,FC Barcelona,Bayern Munich,03:00,RW,80,Right-footed shot,27
2014-15,LaLiga,37,A,FC Barcelona,Atletico de Madrid,00:01,RW,65,Left-footed shot,27
2014-15,LaLiga,38,H,FC Barcelona,Deportivo de La Coruaa,02:02,RW,5,Header,27
2014-15,LaLiga,38,H,FC Barcelona,Deportivo de La Coruaa,02:02,RW,59,Right-footed shot,27
2014-15,Copa del Rey,Final,A,FC Barcelona,Athletic Bilbao,01:03,RW,20,Solo run,27
2014-15,Copa del Rey,Final,A,FC Barcelona,Athletic Bilbao,01:03,RW,74,Left-footed shot,27
2015-16,UEFA Super Cup,Final,H,FC Barcelona,Sevilla FC,5:4 AET,RW,7,Direct free kick,28
2015-16,UEFA Super Cup,Final,H,FC Barcelona,Sevilla FC,5:4 AET,RW,16,Direct free kick,28
2015-16,Supercopa,final,H,FC Barcelona,Athletic Bilbao,01:01,RW,43,Left-footed shot,28
2015-16,LaLiga,3,A,FC Barcelona,Atletico de Madrid,01:02,RW,77,Left-footed shot,28
2015-16,LaLiga,4,H,FC Barcelona,Levante UD,04:01,AM ,61,Penalty,28
2015-16,LaLiga,4,H,FC Barcelona,Levante UD,04:01,AM ,90,Left-footed shot,28
2015-16,UEFA Champions League,Group Stage,H,FC Barcelona,AS Roma,06:01,RW ,18,Left-footed shot,28
2015-16,UEFA Champions League,Group Stage,H,FC Barcelona,AS Roma,06:01,RW ,60,Tap-in,28
2015-16,LaLiga,13,H,FC Barcelona,Real Sociedad,04:00,RW,90+1,Left-footed shot,28
2015-16,UEFA Champions League,Group Stage,A,FC Barcelona,Bayer 04 Leverkusen,01:01,CF ,20,Right-footed shot,28
2015-16,LaLiga,15,H,FC Barcelona,Deportivo de La Coruaa,02:02,RW,39,Direct free kick,28
2015-16,FIFA Club World Cup,Final,A,FC Barcelona,CA River Plate,00:03,RW,36,Left-footed shot,28
2015-16,LaLiga,17,H,FC Barcelona,Real Betis Balompie,04:00,RW ,33,Right-footed shot,28
2015-16,Copa del Rey,Round of 16,H,FC Barcelona,RCD Espanyol Barcelona,04:01,RW,13,Left-footed shot,28
2015-16,Copa del Rey,Round of 16,H,FC Barcelona,RCD Espanyol Barcelona,04:01,RW,44,Direct free kick,28
2015-16,LaLiga,19,H,FC Barcelona,Granada CF,04:00,RW ,8,Left-footed shot,28
2015-16,LaLiga,19,H,FC Barcelona,Granada CF,04:00,RW ,14,Left-footed shot,28
2015-16,LaLiga,19,H,FC Barcelona,Granada CF,04:00,RW ,58,Tap-in,28
2015-16,LaLiga,20,H,FC Barcelona,Athletic Bilbao,06:00,RW,7,Penalty,28
2015-16,LaLiga,21,A,FC Barcelona,Malaga CF,01:02,RW,51,Left-footed shot,28
2015-16,LaLiga,22,H,FC Barcelona,Atletico de Madrid,02:01,RW,30,Left-footed shot,28
2015-16,Copa del Rey,Semi-Finals,H,FC Barcelona,Valencia CF,07:00,RW,29,Left-footed shot,28
2015-16,Copa del Rey,Semi-Finals,H,FC Barcelona,Valencia CF,07:00,RW,59,Left-footed shot,28
2015-16,Copa del Rey,Semi-Finals,H,FC Barcelona,Valencia CF,07:00,RW,74,Left-footed shot,28
2015-16,LaLiga,24,H,FC Barcelona,Celta de Vigo,06:01,RW,28,Direct free kick,28
2015-16,LaLiga,16,A,FC Barcelona,Sporting GijÃ³n,01:03,RW ,25,Left-footed shot,28
2015-16,LaLiga,16,A,FC Barcelona,Sporting GijÃ³n,01:03,RW ,31,Left-footed shot,28
2015-16,UEFA Champions League,Round of 16,A,FC Barcelona,Arsenal FC,00:02,RW,71,Left-footed shot,28
2015-16,UEFA Champions League,Round of 16,A,FC Barcelona,Arsenal FC,00:02,RW,83,Penalty,28
2015-16,LaLiga,26,H,FC Barcelona,Sevilla FC,02:01,RW ,31,Direct free kick,28
2015-16,LaLiga,27,A,FC Barcelona,Rayo Vallecano,01:05,RW,23,Left-footed shot,28
2015-16,LaLiga,27,A,FC Barcelona,Rayo Vallecano,01:05,RW,53,Left-footed shot,28
2015-16,LaLiga,27,A,FC Barcelona,Rayo Vallecano,01:05,RW,72,Left-footed shot,28
2015-16,LaLiga,28,A,FC Barcelona,SD Eibar,00:04,RW ,42,Left-footed shot,28
2015-16,LaLiga,28,A,FC Barcelona,SD Eibar,00:04,RW ,76,Penalty,28
2015-16,LaLiga,29,H,FC Barcelona,Getafe CF,06:00,CF,41,Left-footed shot,28
2015-16,UEFA Champions League,Round of 16,H,FC Barcelona,Arsenal FC,03:01,RW,86,Left-footed shot,28
2015-16,LaLiga,33,H,FC Barcelona,Valencia CF,01:02,RW,63,Left-footed shot,28
2015-16,LaLiga,34,A,FC Barcelona,Deportivo de La Coruaa,00:08,RW,73,Left-footed shot,28
2015-16,LaLiga,35,H,FC Barcelona,Sporting GijÃ³n,06:00,RW,13,Header,28
2015-16,LaLiga,37,H,FC Barcelona,RCD Espanyol Barcelona,05:00,RW,8,Direct free kick,28
2016-17,Supercopa,final,H,FC Barcelona,Sevilla FC,03:00,RW ,55,Header,29
2016-17,LaLiga,1,H,FC Barcelona,Real Betis Balompie,06:02,RW ,37,Left-footed shot,29
2016-17,LaLiga,1,H,FC Barcelona,Real Betis Balompie,06:02,RW ,58,Left-footed shot,29
2016-17,UEFA Champions League,Group Stage,H,FC Barcelona,Celtic FC,07:00,RW ,3,Left-footed shot,29
2016-17,UEFA Champions League,Group Stage,H,FC Barcelona,Celtic FC,07:00,RW ,27,Left-footed shot,29
2016-17,UEFA Champions League,Group Stage,H,FC Barcelona,Celtic FC,07:00,RW ,60,Left-footed shot,29
2016-17,LaLiga,4,A,FC Barcelona,CD Leganes,01:05,RW,15,Left-footed shot,29
2016-17,LaLiga,4,A,FC Barcelona,CD Leganes,01:05,RW,55,Penalty,29
2016-17,LaLiga,8,H,FC Barcelona,Deportivo de La Coruaa,04:00,RW,58,Left-footed shot,29
2016-17,UEFA Champions League,Group Stage,H,FC Barcelona,Manchester City,04:00,RW,17,Left-footed shot,29
2016-17,UEFA Champions League,Group Stage,H,FC Barcelona,Manchester City,04:00,RW,61,Left-footed shot,29
2016-17,UEFA Champions League,Group Stage,H,FC Barcelona,Manchester City,04:00,RW,69,Left-footed shot,29
2016-17,LaLiga,9,A,FC Barcelona,Valencia CF,02:03,RW,22,Left-footed shot,29
2016-17,LaLiga,9,A,FC Barcelona,Valencia CF,02:03,RW,90+4,Penalty,29
2016-17,UEFA Champions League,Group Stage,A,FC Barcelona,Manchester City,03:01,RW ,21,Left-footed shot,29
2016-17,LaLiga,11,A,FC Barcelona,Sevilla FC,01:02,RW ,43,Left-footed shot,29
2016-17,UEFA Champions League,Group Stage,A,FC Barcelona,Celtic FC,00:02,RW ,24,Left-footed shot,29
2016-17,UEFA Champions League,Group Stage,A,FC Barcelona,Celtic FC,00:02,RW ,55,Penalty,29
2016-17,LaLiga,13,A,FC Barcelona,Real Sociedad,01:01,RW ,59,Left-footed shot,29
2016-17,UEFA Champions League,Group Stage,H,FC Barcelona,Borussia MÃ¶nchengladbach,04:00,RW,16,Left-footed shot,29
2016-17,LaLiga,15,A,FC Barcelona,CA Osasuna,00:03,RW,72,Left-footed shot,29
2016-17,LaLiga,15,A,FC Barcelona,CA Osasuna,00:03,RW,90+2,Left-footed shot,29
2016-17,LaLiga,16,H,FC Barcelona,RCD Espanyol Barcelona,04:01,RW,90,Left-footed shot,29
2016-17,Copa del Rey,Round of 16,A,FC Barcelona,Athletic Bilbao,02:01,RW,52,Direct free kick,29
2016-17,LaLiga,17,A,FC Barcelona,Villarreal CF,01:01,RW,90,Direct free kick,29
2016-17,Copa del Rey,Round of 16,H,FC Barcelona,Athletic Bilbao,03:01,RW,78,Direct free kick,29
2016-17,LaLiga,18,H,FC Barcelona,UD Las Palmas,05:00,RW ,52,Right-footed shot,29
2016-17,LaLiga,19,A,FC Barcelona,SD Eibar,00:04,RW ,50,Left-footed shot,29
2016-17,Copa del Rey,Quarter-Finals,H,FC Barcelona,Real Sociedad,05:02,RW ,55,Penalty,29
2016-17,Copa del Rey,Semi-Finals,A,FC Barcelona,Atletico de Madrid,01:02,RW ,33,Left-footed shot,29
2016-17,LaLiga,21,H,FC Barcelona,Athletic Bilbao,03:00,RW ,40,Direct free kick,29
2016-17,LaLiga,22,A,FC Barcelona,Deportivo Alaves,00:06,RW ,59,Left-footed shot,29
2016-17,LaLiga,23,H,FC Barcelona,CD Leganes,02:01,RW,4,Right-footed shot,29
2016-17,LaLiga,23,H,FC Barcelona,CD Leganes,02:01,RW,90,Penalty,29
2016-17,LaLiga,24,A,FC Barcelona,Atletico de Madrid,01:02,RW,86,Left-footed shot,29
2016-17,LaLiga,25,H,FC Barcelona,Sporting GijÃ³n,06:01,RW ,9,Header,29
2016-17,LaLiga,26,H,FC Barcelona,Celta de Vigo,05:00,AM ,24,Left-footed shot,29
2016-17,LaLiga,26,H,FC Barcelona,Celta de Vigo,05:00,AM ,64,Left-footed shot,29
2016-17,UEFA Champions League,Round of 16,H,FC Barcelona,Paris Saint-Germain,06:01,AM,50,Penalty,29
2016-17,LaLiga,28,H,FC Barcelona,Valencia CF,04:02,AM,45,Penalty,29
2016-17,LaLiga,28,H,FC Barcelona,Valencia CF,04:02,AM,53,Right-footed shot,29
2016-17,LaLiga,30,H,FC Barcelona,Sevilla FC,03:00,RW,28,Right-footed shot,29
2016-17,LaLiga,30,H,FC Barcelona,Sevilla FC,03:00,RW,33,Left-footed shot,29
2016-17,LaLiga,32,H,FC Barcelona,Real Sociedad,03:02,RW ,17,Left-footed shot,29
2016-17,LaLiga,32,H,FC Barcelona,Real Sociedad,03:02,RW ,37,Tap-in,29
2016-17,LaLiga,33,A,FC Barcelona,Real Madrid,02:03,RW,33,Left-footed shot,29
2016-17,LaLiga,33,A,FC Barcelona,Real Madrid,02:03,RW,90+2,Left-footed shot,29
2016-17,LaLiga,34,H,FC Barcelona,CA Osasuna,07:01,AM ,12,Left-footed shot,29
2016-17,LaLiga,34,H,FC Barcelona,CA Osasuna,07:01,AM ,61,Left-footed shot,29
2016-17,LaLiga,36,H,FC Barcelona,Villarreal CF,04:01,RW,45,Left-footed shot,29
2016-17,LaLiga,36,H,FC Barcelona,Villarreal CF,04:01,RW,82,Penalty,29
2016-17,LaLiga,38,H,FC Barcelona,SD Eibar,04:02,RW,75,Penalty,29
2016-17,LaLiga,38,H,FC Barcelona,SD Eibar,04:02,RW,90+2,Right-footed shot,29
2016-17,Copa del Rey,Final,H,FC Barcelona,Deportivo Alaves,03:01,RW,30,Left-footed shot,29
2017-18,Supercopa,final,H,FC Barcelona,Real Madrid,01:03,RW,77,Penalty,30
2017-18,LaLiga,2,A,FC Barcelona,Deportivo Alaves,00:02,CF,55,Left-footed shot,30
2017-18,LaLiga,2,A,FC Barcelona,Deportivo Alaves,00:02,CF,66,Left-footed shot,30
2017-18,LaLiga,3,H,FC Barcelona,RCD Espanyol Barcelona,05:00,CF,26,Left-footed shot,30
2017-18,LaLiga,3,H,FC Barcelona,RCD Espanyol Barcelona,05:00,CF,35,Right-footed shot,30
2017-18,LaLiga,3,H,FC Barcelona,RCD Espanyol Barcelona,05:00,CF,67,Left-footed shot,30
2017-18,UEFA Champions League,Group Stage,H,FC Barcelona,Juventus FC,03:00,CF,45,Left-footed shot,30
2017-18,UEFA Champions League,Group Stage,H,FC Barcelona,Juventus FC,03:00,CF,69,Left-footed shot,30
2017-18,LaLiga,5,H,FC Barcelona,SD Eibar,06:01,CF,21,Penalty,30
2017-18,LaLiga,5,H,FC Barcelona,SD Eibar,06:01,CF,59,Left-footed shot,30
2017-18,LaLiga,5,H,FC Barcelona,SD Eibar,06:01,CF,62,Left-footed shot,30
2017-18,LaLiga,5,H,FC Barcelona,SD Eibar,06:01,CF,87,Left-footed shot,30
2017-18,LaLiga,7,H,FC Barcelona,UD Las Palmas,03:00,SS,70,Left-footed shot,30
2017-18,LaLiga,7,H,FC Barcelona,UD Las Palmas,03:00,SS,77,Left-footed shot,30
2017-18,UEFA Champions League,Group Stage,H,FC Barcelona,Olympiacos Piraeus,03:01,CF,61,Direct free kick,30
2017-18,LaLiga,10,A,FC Barcelona,Athletic Bilbao,00:02,SS ,37,Left-footed shot,30
2017-18,LaLiga,14,H,FC Barcelona,Celta de Vigo,02:02,SS,22,Left-footed shot,30
2017-18,LaLiga,15,A,FC Barcelona,Villarreal CF,00:02,RW ,83,Left-footed shot,30
2017-18,LaLiga,17,A,FC Barcelona,Real Madrid,00:03,SS,64,Penalty,30
2017-18,LaLiga,18,H,FC Barcelona,Levante UD,03:00,SS,12,Left-footed shot,30
2017-18,Copa del Rey,Round of 16,H,FC Barcelona,Celta de Vigo,05:00,SS,13,Left-footed shot,30
2017-18,Copa del Rey,Round of 16,H,FC Barcelona,Celta de Vigo,05:00,SS,15,Left-footed shot,30
2017-18,LaLiga,19,A,FC Barcelona,Real Sociedad,02:04,SS ,85,Direct free kick,30
2017-18,LaLiga,20,A,FC Barcelona,Real Betis Balompie,00:05,SS ,64,Left-footed shot,30
2017-18,LaLiga,20,A,FC Barcelona,Real Betis Balompie,00:05,SS ,80,Left-footed shot,30
2017-18,Copa del Rey,Quarter-Finals,H,FC Barcelona,RCD Espanyol Barcelona,02:00,SS,25,Deflected shot on goal,30
2017-18,LaLiga,21,H,FC Barcelona,Deportivo Alaves,02:01,SS,84,Direct free kick,30
2017-18,UEFA Champions League,Round of 16,A,FC Barcelona,Chelsea FC,01:01,SS,75,Left-footed shot,30
2017-18,LaLiga,25,H,FC Barcelona,Girona FC,06:01,SS ,30,Left-footed shot,30
2017-18,LaLiga,25,H,FC Barcelona,Girona FC,06:01,SS ,36,Direct free kick,30
2017-18,LaLiga,26,A,FC Barcelona,UD Las Palmas,01:01,SS,21,Direct free kick,30
2017-18,LaLiga,27,H,FC Barcelona,Atletico de Madrid,01:00,SS,26,Direct free kick,30
2017-18,UEFA Champions League,Round of 16,H,FC Barcelona,Chelsea FC,03:00,SS,3,Right-footed shot,30
2017-18,UEFA Champions League,Round of 16,H,FC Barcelona,Chelsea FC,03:00,SS,63,Left-footed shot,30
2017-18,LaLiga,29,H,FC Barcelona,Athletic Bilbao,02:00,SS ,30,Left-footed shot,30
2017-18,LaLiga,30,A,FC Barcelona,Sevilla FC,02:02,RW,89,Left-footed shot,30
2017-18,LaLiga,31,H,FC Barcelona,CD Leganes,03:01,SS ,27,Direct free kick,30
2017-18,LaLiga,31,H,FC Barcelona,CD Leganes,03:01,SS ,32,Left-footed shot,30
2017-18,LaLiga,31,H,FC Barcelona,CD Leganes,03:01,SS ,87,Left-footed shot,30
2017-18,Copa del Rey,Final,A,FC Barcelona,Sevilla FC,00:05,SS,31,Left-footed shot,30
2017-18,LaLiga,35,A,FC Barcelona,Deportivo de La Coruaa,02:04,CF ,38,Left-footed shot,30
2017-18,LaLiga,35,A,FC Barcelona,Deportivo de La Coruaa,02:04,CF ,82,Right-footed shot,30
2017-18,LaLiga,35,A,FC Barcelona,Deportivo de La Coruaa,02:04,CF ,85,Left-footed shot,30
2017-18,LaLiga,36,H,FC Barcelona,Real Madrid,02:02,SS,52,Left-footed shot,30
2017-18,LaLiga,34,H,FC Barcelona,Villarreal CF,05:01,CF,45,Left-footed shot,30
2018-19,LaLiga,1,H,FC Barcelona,Deportivo Alaves,03:00,RW ,64,Direct free kick,31
2018-19,LaLiga,1,H,FC Barcelona,Deportivo Alaves,03:00,RW ,90+2,Left-footed shot,31
2018-19,LaLiga,3,H,FC Barcelona,SD Huesca,08:02,RW ,16,Right-footed shot,31
2018-19,LaLiga,3,H,FC Barcelona,SD Huesca,08:02,RW ,61,Left-footed shot,31
2018-19,UEFA Champions League,Group Stage,H,FC Barcelona,PSV Eindhoven,04:00,RW ,31,Direct free kick,31
2018-19,UEFA Champions League,Group Stage,H,FC Barcelona,PSV Eindhoven,04:00,RW ,77,Left-footed shot,31
2018-19,UEFA Champions League,Group Stage,H,FC Barcelona,PSV Eindhoven,04:00,RW ,87,Right-footed shot,31
2018-19,LaLiga,5,H,FC Barcelona,Girona FC,02:02,RW ,19,Left-footed shot,31
2018-19,UEFA Champions League,Group Stage,A,FC Barcelona,Tottenham Hotspur,02:04,RW ,56,Left-footed shot,31
2018-19,UEFA Champions League,Group Stage,A,FC Barcelona,Tottenham Hotspur,02:04,RW ,90,Left-footed shot,31
2018-19,LaLiga,8,A,FC Barcelona,Valencia CF,01:01,RW ,23,Left-footed shot,31
2018-19,LaLiga,9,H,FC Barcelona,Sevilla FC,04:02,RW ,12,Left-footed shot,31
2018-19,LaLiga,12,H,FC Barcelona,Real Betis Balompie,03:04,SS ,68,Penalty,31
2018-19,LaLiga,12,H,FC Barcelona,Real Betis Balompie,03:04,SS ,90+4,Left-footed shot,31
2018-19,UEFA Champions League,Group Stage,A,FC Barcelona,PSV Eindhoven,01:02,CF ,61,Left-footed shot,31
2018-19,LaLiga,15,A,FC Barcelona,RCD Espanyol Barcelona,00:04,RW ,17,Direct free kick,31
2018-19,LaLiga,15,A,FC Barcelona,RCD Espanyol Barcelona,00:04,RW ,65,Direct free kick,31
2018-19,LaLiga,16,A,FC Barcelona,Levante UD,00:05,SS ,43,Right-footed shot,31
2018-19,LaLiga,16,A,FC Barcelona,Levante UD,00:05,SS ,47,Left-footed shot,31
2018-19,LaLiga,16,A,FC Barcelona,Levante UD,00:05,SS ,60,Left-footed shot,31
2018-19,LaLiga,17,H,FC Barcelona,Celta de Vigo,02:00,RW ,45,Left-footed shot,31
2018-19,LaLiga,18,A,FC Barcelona,Getafe CF,01:02,RW ,20,Left-footed shot,31
2018-19,LaLiga,19,H,FC Barcelona,SD Eibar,03:00,RW ,53,Left-footed shot,31
2018-19,Copa del Rey,Round of 16,H,FC Barcelona,Levante UD,03:00,CF ,54,Left-footed shot,31
2018-19,LaLiga,20,H,FC Barcelona,CD Leganes,03:01,SS,90+2,Right-footed shot,31
2018-19,LaLiga,21,A,FC Barcelona,Girona FC,00:02,RW ,69,Left-footed shot,31
2018-19,Copa del Rey,Quarter-Finals,H,FC Barcelona,Sevilla FC,06:01,RW ,90+2,Left-footed shot,31
2018-19,LaLiga,22,H,FC Barcelona,Valencia CF,02:02,RW ,39,Penalty,31
2018-19,LaLiga,22,H,FC Barcelona,Valencia CF,02:02,RW ,64,Left-footed shot,31
2018-19,LaLiga,24,H,FC Barcelona,Real Valladolid CF,01:00,RW ,43,Penalty,31
2018-19,LaLiga,25,A,FC Barcelona,Sevilla FC,02:04,RW ,26,Left-footed shot,31
2018-19,LaLiga,25,A,FC Barcelona,Sevilla FC,02:04,RW ,67,Right-footed shot,31
2018-19,LaLiga,25,A,FC Barcelona,Sevilla FC,02:04,RW ,85,Left-footed shot,31
2018-19,LaLiga,27,H,FC Barcelona,Rayo Vallecano,03:01,RW ,51,Penalty,31
2018-19,UEFA Champions League,Round of 16,H,FC Barcelona,Olympique Lyon,05:01,RW ,18,Penalty,31
2018-19,UEFA Champions League,Round of 16,H,FC Barcelona,Olympique Lyon,05:01,RW ,78,Right-footed shot,31
2018-19,LaLiga,28,A,FC Barcelona,Real Betis Balompie,01:04,SS ,18,Direct free kick,31
2018-19,LaLiga,28,A,FC Barcelona,Real Betis Balompie,01:04,SS ,45+2,Left-footed shot,31
2018-19,LaLiga,28,A,FC Barcelona,Real Betis Balompie,01:04,SS ,85,Left-footed shot,31
2018-19,LaLiga,29,H,FC Barcelona,RCD Espanyol Barcelona,02:00,RW ,71,Direct free kick,31
2018-19,LaLiga,29,H,FC Barcelona,RCD Espanyol Barcelona,02:00,RW ,89,Left-footed shot,31
2018-19,LaLiga,30,A,FC Barcelona,Villarreal CF,04:04,RW,90,Direct free kick,31
2018-19,LaLiga,31,H,FC Barcelona,Atletico de Madrid,02:00,SS ,87,Left-footed shot,31
2018-19,UEFA Champions League,Quarter-Finals,H,FC Barcelona,Manchester United,03:00,RW ,16,Left-footed shot,31
2018-19,UEFA Champions League,Quarter-Finals,H,FC Barcelona,Manchester United,03:00,RW ,20,Right-footed shot,31
2018-19,LaLiga,35,H,FC Barcelona,Levante UD,01:00,RW,62,Left-footed shot,31
2018-19,UEFA Champions League,Semi-Finals,H,FC Barcelona,Liverpool FC,03:00,RW ,75,Left-footed shot,31
2018-19,UEFA Champions League,Semi-Finals,H,FC Barcelona,Liverpool FC,03:00,RW ,82,Direct free kick,31
2018-19,LaLiga,38,A,FC Barcelona,SD Eibar,02:02,CF ,31,Left-footed shot,31
2018-19,LaLiga,38,A,FC Barcelona,SD Eibar,02:02,CF ,32,Left-footed shot,31
2018-19,Copa del Rey,Final,H,FC Barcelona,Valencia CF,01:02,CF ,73,Left-footed shot,31
2019-20,LaLiga,8,H,FC Barcelona,Sevilla FC,04:00,RW ,78,Direct free kick,32
2019-20,LaLiga,9,A,FC Barcelona,SD Eibar,00:03,RW ,58,Left-footed shot,32
2019-20,UEFA Champions League,Group Stage,A,FC Barcelona,SK Slavia Prague,01:02,RW ,3,Left-footed shot,32
2019-20,LaLiga,11,H,FC Barcelona,Real Valladolid CF,05:01,RW ,34,Direct free kick,32
2019-20,LaLiga,11,H,FC Barcelona,Real Valladolid CF,05:01,RW ,75,Left-footed shot,32
2019-20,LaLiga,12,A,FC Barcelona,Levante UD,03:01,RW ,38,Penalty,32
2019-20,LaLiga,13,H,FC Barcelona,Celta de Vigo,04:01,RW ,23,Penalty,32
2019-20,LaLiga,13,H,FC Barcelona,Celta de Vigo,04:01,RW ,45+1,Direct free kick,32
2019-20,LaLiga,13,H,FC Barcelona,Celta de Vigo,04:01,RW ,48,Direct free kick,32
2019-20,UEFA Champions League,Group Stage,H,FC Barcelona,Borussia Dortmund,03:01,RW ,33,Left-footed shot,32
2019-20,LaLiga,15,A,FC Barcelona,Atletico de Madrid,00:01,RW ,86,Left-footed shot,32
2019-20,LaLiga,16,H,FC Barcelona,RCD Mallorca,05:02,RW ,17,Left-footed shot,32
2019-20,LaLiga,16,H,FC Barcelona,RCD Mallorca,05:02,RW ,41,Left-footed shot,32
2019-20,LaLiga,16,H,FC Barcelona,RCD Mallorca,05:02,RW ,83,Left-footed shot,32
2019-20,LaLiga,18,H,FC Barcelona,Deportivo Alaves,04:01,RW ,69,Left-footed shot,32
2019-20,Supercopa,Semi-Finals,H,FC Barcelona,Atletico de Madrid,02:03,RW ,51,Right-footed shot,32
2019-20,LaLiga,20,H,FC Barcelona,Granada CF,01:00,CF ,76,Right-footed shot,32
2019-20,Copa del Rey,Round of 16,H,FC Barcelona,CD Leganes,05:00,RW ,59,Left-footed shot,32
2019-20,Copa del Rey,Round of 16,H,FC Barcelona,CD Leganes,05:00,RW ,89,Left-footed shot,32
2019-20,LaLiga,25,H,FC Barcelona,SD Eibar,05:00,SS ,14,Left-footed shot,32
2019-20,LaLiga,25,H,FC Barcelona,SD Eibar,05:00,SS ,37,Left-footed shot,32
2019-20,LaLiga,25,H,FC Barcelona,SD Eibar,05:00,SS ,40,Left-footed shot,32
2019-20,LaLiga,25,H,FC Barcelona,SD Eibar,05:00,SS ,87,Left-footed shot,32
2019-20,LaLiga,27,H,FC Barcelona,Real Sociedad,01:00,CF ,81,Penalty,32
2019-20,LaLiga,28,A,FC Barcelona,RCD Mallorca,00:04,RW ,90+3,Right-footed shot,32
2019-20,LaLiga,29,H,FC Barcelona,CD Leganes,02:00,RW ,69,Penalty,32
2019-20,LaLiga,33,H,FC Barcelona,Atletico de Madrid,02:02,SS ,50,Penalty,32
2019-20,LaLiga,37,H,FC Barcelona,CA Osasuna,01:02,RW ,62,Direct free kick,32
2019-20,LaLiga,38,A,FC Barcelona,Deportivo Alaves,00:05,RW ,34,Left-footed shot,32
2019-20,LaLiga,38,A,FC Barcelona,Deportivo Alaves,00:05,RW ,75,Left-footed shot,32
2019-20,UEFA Champions League,Round of 16,H,FC Barcelona,SSC Napoli,03:01,SS ,23,Left-footed shot,32
2020-21,LaLiga,3,H,FC Barcelona,Villarreal CF,04:00,CF ,35,Penalty,33
2020-21,UEFA Champions League,Group Stage,H,FC Barcelona,Ferencvarosi TC,05:01,CF ,27,Penalty,33
2020-21,UEFA Champions League,Group Stage,A,FC Barcelona,Juventus FC,00:02,CF ,90+1,Penalty,33
2020-21,UEFA Champions League,Group Stage,H,FC Barcelona,Dynamo Kyiv,02:01,RW ,5,Penalty,33
2020-21,LaLiga,9,H,FC Barcelona,Real Betis Balompie,05:02,CF,61,Penalty,33
2020-21,LaLiga,9,H,FC Barcelona,Real Betis Balompie,05:02,CF,82,Left-footed shot,33
2020-21,LaLiga,11,H,FC Barcelona,CA Osasuna,04:00,RW ,73,Left-footed shot,33
2020-21,LaLiga,13,H,FC Barcelona,Levante UD,01:00,CF ,76,Left-footed shot,33
2020-21,LaLiga,14,H,FC Barcelona,Valencia CF,02:02,CF ,45+4,Header,33
2020-21,LaLiga,15,A,FC Barcelona,Real Valladolid CF,00:03,AM ,65,Left-footed shot,33
2020-21,LaLiga,2,A,FC Barcelona,Athletic Bilbao,02:03,CF ,38,Left-footed shot,33
2020-21,LaLiga,2,A,FC Barcelona,Athletic Bilbao,02:03,CF ,62,Left-footed shot,33
2020-21,LaLiga,18,A,FC Barcelona,Granada CF,00:04,CF ,35,Left-footed shot,33
2020-21,LaLiga,18,A,FC Barcelona,Granada CF,00:04,CF ,42,Direct free kick,33
2020-21,Copa del Rey,Round of 16,A,FC Barcelona,Rayo Vallecano,01:02,CF ,69,Left-footed shot,33
2020-21,LaLiga,21,H,FC Barcelona,Athletic Bilbao,02:01,CF ,20,Direct free kick,33
2020-21,LaLiga,22,A,FC Barcelona,Real Betis Balompie,02:03,CF,59,Left-footed shot,33
2020-21,LaLiga,23,H,FC Barcelona,Deportivo Alaves,05:01,CF ,45+1,Left-footed shot,33
2020-21,LaLiga,23,H,FC Barcelona,Deportivo Alaves,05:01,CF ,75,Left-footed shot,33
2020-21,UEFA Champions League,Round of 16,H,FC Barcelona,Paris Saint-Germain,01:04,CF ,27,Penalty,33
2020-21,LaLiga,24,H,FC Barcelona,Cadiz CF,01:01,CF ,32,Penalty,33
2020-21,LaLiga,1,H,FC Barcelona,Elche CF,03:00,CF ,48,Left-footed shot,33
2020-21,LaLiga,1,H,FC Barcelona,Elche CF,03:00,CF ,68,Left-footed shot,33
2020-21,LaLiga,25,A,FC Barcelona,Sevilla FC,00:02,CF ,85,Right-footed shot,33
2020-21,UEFA Champions League,Round of 16,A,FC Barcelona,Paris Saint-Germain,01:01,SS ,37,Long distance kick,33
2020-21,LaLiga,27,H,FC Barcelona,SD Huesca,04:01,SS ,13,Left-footed shot,33
2020-21,LaLiga,27,H,FC Barcelona,SD Huesca,04:01,SS ,90,Left-footed shot,33
2020-21,LaLiga,28,A,FC Barcelona,Real Sociedad,01:06,SS ,56,Left-footed shot,33
2020-21,LaLiga,28,A,FC Barcelona,Real Sociedad,01:06,SS ,89,Left-footed shot,33
2020-21,Copa del Rey,Final,A,FC Barcelona,Athletic Bilbao,00:04,CF ,68,Left-footed shot,33
2020-21,Copa del Rey,Final,A,FC Barcelona,Athletic Bilbao,00:04,CF ,72,Left-footed shot,33
2020-21,LaLiga,31,H,FC Barcelona,Getafe CF,05:02,CF ,8,Left-footed shot,33
2020-21,LaLiga,31,H,FC Barcelona,Getafe CF,05:02,CF ,33,Left-footed shot,33
2020-21,LaLiga,33,H,FC Barcelona,Granada CF,01:02,CF ,23,Left-footed shot,33
2020-21,LaLiga,34,A,FC Barcelona,Valencia CF,02:03,CF ,57,Left-footed shot,33
2020-21,LaLiga,34,A,FC Barcelona,Valencia CF,02:03,CF ,69,Direct free kick,33
2020-21,LaLiga,36,A,FC Barcelona,Levante UD,03:03,SS ,25,Left-footed shot,33
2020-21,LaLiga,37,H,FC Barcelona,Celta de Vigo,01:02,SS ,28,Header,33
2021-22,UEFA Champions League,Group Stage,H,Paris Saint-Germain,Manchester City,02:00,RW,74,Left-footed shot,34
2021-22,UEFA Champions League,Group Stage,H,Paris Saint-Germain,RB Leipzig,03:02,RW,67,Left-footed shot,34
2021-22,UEFA Champions League,Group Stage,H,Paris Saint-Germain,RB Leipzig,03:02,RW,74,Penalty,34
2021-22,Ligue 1,14,H,Paris Saint-Germain,FC Nantes,03:01,RW,87,Left-footed shot,34
2021-22,UEFA Champions League,Group Stage,H,Paris Saint-Germain,Club Brugge KV,04:01,CF,38,Left-footed shot,34
2021-22,UEFA Champions League,Group Stage,H,Paris Saint-Germain,Club Brugge KV,04:01,CF,76,Penalty,34
2021-22,Ligue 1,23,A,Paris Saint-Germain,LOSC Lille,01:05,CF,38,Left-footed shot,34
2021-22,Ligue 1,30,H,Paris Saint-Germain,FC Lorient,05:01,RW,73,Left-footed shot,34
2021-22,Ligue 1,34,H,Paris Saint-Germain,RC Lens,01:01,RW,68,Left-footed shot,34
2021-22,Ligue 1,37,A,Paris Saint-Germain,Montpellier,00:04,CF,6,Left-footed shot,34
2021-22,Ligue 1,37,A,Paris Saint-Germain,Montpellier,00:04,CF,20,Left-footed shot,34
2022-23,Trophee des Champions,Final,H,Paris Saint-Germain,FC Nantes,04:00,CF,22,Right-footed shot,35
2022-23,Ligue 1,1,A,Paris Saint-Germain,Clermont Foot,00:05,CF,80,Left-footed shot,35
2022-23,Ligue 1,1,A,Paris Saint-Germain,Clermont Foot,00:05,CF,86,Left-footed shot,35
2022-23,Ligue 1,3,A,Paris Saint-Germain,LOSC Lille,01:07,AM,27,Right-footed shot,35
2022-23,UEFA Champions League,Group Stage,A,Paris Saint-Germain,Maccabi Haifa,01:03,SS,37,Left-footed shot,35
2022-23,Ligue 1,8,A,Paris Saint-Germain,Olympique Lyon,00:01,AM,5,Left-footed shot,35
2022-23,Ligue 1,9,H,Paris Saint-Germain,OGC Nice,02:01,AM,28,Direct free kick,35
2022-23,UEFA Champions League,Group Stage,A,Paris Saint-Germain,SL Benfica,01:01,AM,22,Left-footed shot,35
2022-23,Ligue 1,12,A,Paris Saint-Germain,AC Ajaccio,00:03,CF,78,Left-footed shot,35
2022-23,UEFA Champions League,Group Stage,H,Paris Saint-Germain,Maccabi Haifa,07:02,SS,19,Left-footed shot,35
2022-23,UEFA Champions League,Group Stage,H,Paris Saint-Germain,Maccabi Haifa,07:02,SS,44,Left-footed shot,35
2022-23,Ligue 1,13,H,Paris Saint-Germain,ESTAC Troyes,04:03,RW,55,Left-footed shot,35
2022-23,Ligue 1,18,H,Paris Saint-Germain,Angers SCO,02:00,AM,72,Right-footed shot,35
2022-23,Ligue 1,21,A,Paris Saint-Germain,Montpellier HSC,01:03,SS,72,Left-footed shot,35
2022-23,Ligue 1,22,H,Paris Saint-Germain,FC Toulouse,02:01,SS,58,Left-footed shot,35
2022-23,Ligue 1,24,H,Paris Saint-Germain,LOSC Lille,04:03,CF,90+5,Direct free kick,35
2022-23,Ligue 1,25,A,Paris Saint-Germain,Olympique Marseille,00:03,CF,29,Right-footed shot,35
2022-23,Ligue 1,26,H,Paris Saint-Germain,FC Nantes,04:02,CF,12,Left-footed shot,35
2022-23,Ligue 1,30,A,Paris Saint-Germain,OGC Nice,00:02,CF,26,Left-footed shot,35
2022-23,Ligue 1,31,H,Paris Saint-Germain,RC Lens,02:00,CF,40,Left-footed shot,35
2022-23,Ligue 1,37,A,Paris Saint-Germain,RC Strasbourg,01:01,CF,59,Left-footed shot,35
